Project,Method,Metric,Type,APFD,Setup (s),Prior (s),Total (s),Runs
Chart,FALCON-codexembed,cosine,Submodular-Emb,0.7693 ± 0.0000,0.00,3.29,3.29,1
Chart,FALCON-codexembed,euclidean,Submodular-Emb,0.7458 ± 0.0000,0.00,3.24,3.24,1
Chart,FALCON-unixcoder,cosine,Submodular-Emb,0.7263 ± 0.0000,0.00,3.45,3.45,1
Chart,FALCON-unixcoder,euclidean,Submodular-Emb,0.7464 ± 0.0000,0.00,3.02,3.02,1
Chart,FALCON-graphcodebert,cosine,Submodular-Emb,0.7625 ± 0.0000,0.00,3.56,3.56,1
Chart,FALCON-graphcodebert,euclidean,Submodular-Emb,0.7736 ± 0.0000,0.00,3.38,3.38,1
Chart,FALCON-codebert,cosine,Submodular-Emb,0.7302 ± 0.0000,0.00,3.65,3.65,1
Chart,FALCON-codebert,euclidean,Submodular-Emb,0.7312 ± 0.0000,0.00,3.25,3.25,1
Chart,FALCON-starencoder,cosine,Submodular-Emb,0.6639 ± 0.0000,0.00,3.44,3.44,1
Chart,FALCON-starencoder,euclidean,Submodular-Emb,0.7383 ± 0.0000,0.00,3.24,3.24,1
Chart,LOGDET-codexembed,cosine,Submodular-Emb,0.7912 ± 0.0000,0.00,81.41,81.41,1
Chart,LOGDET-codexembed,euclidean,Submodular-Emb,0.8009 ± 0.0000,0.00,55.73,55.73,1
Chart,LOGDET-unixcoder,cosine,Submodular-Emb,0.7311 ± 0.0000,0.00,73.43,73.43,1
Chart,LOGDET-unixcoder,euclidean,Submodular-Emb,0.6898 ± 0.0000,0.00,85.64,85.64,1
Chart,LOGDET-graphcodebert,cosine,Submodular-Emb,0.7783 ± 0.0000,0.00,57.09,57.09,1
Chart,LOGDET-graphcodebert,euclidean,Submodular-Emb,0.7510 ± 0.0000,0.00,59.11,59.11,1
Chart,LOGDET-codebert,cosine,Submodular-Emb,0.7822 ± 0.0000,0.00,51.51,51.51,1
Chart,LOGDET-codebert,euclidean,Submodular-Emb,0.7139 ± 0.0000,0.00,56.60,56.60,1
Chart,LOGDET-starencoder,cosine,Submodular-Emb,0.7074 ± 0.0000,0.00,53.80,53.80,1
Chart,LOGDET-starencoder,euclidean,Submodular-Emb,0.7314 ± 0.0000,0.00,54.38,54.38,1
Chart,GRAPHCUT-codexembed,cosine,Submodular-Emb,0.5813 ± 0.0000,0.00,127.27,127.27,1
Chart,GRAPHCUT-codexembed,euclidean,Submodular-Emb,0.5729 ± 0.0000,0.00,226.01,226.01,1
Chart,GRAPHCUT-unixcoder,cosine,Submodular-Emb,0.5950 ± 0.0000,0.00,72.73,72.73,1
Chart,GRAPHCUT-unixcoder,euclidean,Submodular-Emb,0.6584 ± 0.0000,0.00,115.67,115.67,1
Chart,GRAPHCUT-graphcodebert,cosine,Submodular-Emb,0.5655 ± 0.0000,0.00,108.17,108.17,1
Chart,GRAPHCUT-graphcodebert,euclidean,Submodular-Emb,0.5525 ± 0.0000,0.00,104.26,104.26,1
Chart,GRAPHCUT-codebert,cosine,Submodular-Emb,0.5849 ± 0.0000,0.00,141.47,141.47,1
Chart,GRAPHCUT-codebert,euclidean,Submodular-Emb,0.6011 ± 0.0000,0.00,95.11,95.11,1
Chart,GRAPHCUT-starencoder,cosine,Submodular-Emb,0.5700 ± 0.0000,0.00,239.12,239.12,1
Chart,GRAPHCUT-starencoder,euclidean,Submodular-Emb,0.5374 ± 0.0000,0.00,108.60,108.60,1
Chart,FAST-pw,N/A,FAST-Shingles,0.6121 ± 0.0315,2.13,1.50,3.63,50
Chart,FAST-all,N/A,FAST-Shingles,0.6594 ± 0.0416,2.13,0.02,2.15,50
Chart,FAST-sqrt,N/A,FAST-Shingles,0.5890 ± 0.0357,2.13,0.04,2.17,50
Chart,FAST-log,N/A,FAST-Shingles,0.6367 ± 0.0312,2.14,0.05,2.19,50
Chart,FAST-one,N/A,FAST-Shingles,0.5510 ± 0.0262,2.13,0.15,2.28,50
Lang,FALCON-codexembed,cosine,Submodular-Emb,0.7183 ± 0.0000,68.31,3.15,71.46,1
Lang,FALCON-codexembed,euclidean,Submodular-Emb,0.7094 ± 0.0000,0.00,3.09,3.09,1
Lang,FALCON-unixcoder,cosine,Submodular-Emb,0.7543 ± 0.0000,19.85,3.71,23.55,1
Lang,FALCON-unixcoder,euclidean,Submodular-Emb,0.7036 ± 0.0000,0.00,3.02,3.02,1
Lang,FALCON-graphcodebert,cosine,Submodular-Emb,0.6310 ± 0.0000,23.08,3.64,26.72,1
Lang,FALCON-graphcodebert,euclidean,Submodular-Emb,0.5600 ± 0.0000,0.00,3.33,3.33,1
Lang,FALCON-codebert,cosine,Submodular-Emb,0.5468 ± 0.0000,23.02,3.76,26.78,1
Lang,FALCON-codebert,euclidean,Submodular-Emb,0.5592 ± 0.0000,0.00,3.51,3.51,1
Lang,FALCON-starencoder,cosine,Submodular-Emb,0.7522 ± 0.0000,26.01,3.47,29.48,1
Lang,FALCON-starencoder,euclidean,Submodular-Emb,0.7234 ± 0.0000,0.00,3.32,3.32,1
Lang,LOGDET-codexembed,cosine,Submodular-Emb,0.7008 ± 0.0000,0.00,81.95,81.95,1
Lang,LOGDET-codexembed,euclidean,Submodular-Emb,0.6459 ± 0.0000,0.00,52.37,52.37,1
Lang,LOGDET-unixcoder,cosine,Submodular-Emb,0.6681 ± 0.0000,0.00,70.47,70.47,1
Lang,LOGDET-unixcoder,euclidean,Submodular-Emb,0.6841 ± 0.0000,0.00,80.76,80.76,1
Lang,LOGDET-graphcodebert,cosine,Submodular-Emb,0.6949 ± 0.0000,0.00,58.11,58.11,1
Lang,LOGDET-graphcodebert,euclidean,Submodular-Emb,0.6005 ± 0.0000,0.00,59.24,59.24,1
Lang,LOGDET-codebert,cosine,Submodular-Emb,0.6036 ± 0.0000,0.00,54.03,54.03,1
Lang,LOGDET-codebert,euclidean,Submodular-Emb,0.6042 ± 0.0000,0.00,58.54,58.54,1
Lang,LOGDET-starencoder,cosine,Submodular-Emb,0.7775 ± 0.0000,0.00,55.74,55.74,1
Lang,LOGDET-starencoder,euclidean,Submodular-Emb,0.7311 ± 0.0000,0.00,48.80,48.80,1
Lang,GRAPHCUT-codexembed,cosine,Submodular-Emb,0.6580 ± 0.0000,0.00,114.70,114.70,1
Lang,GRAPHCUT-codexembed,euclidean,Submodular-Emb,0.6272 ± 0.0000,0.00,218.36,218.36,1
Lang,GRAPHCUT-unixcoder,cosine,Submodular-Emb,0.5284 ± 0.0000,0.00,61.26,61.26,1
Lang,GRAPHCUT-unixcoder,euclidean,Submodular-Emb,0.5659 ± 0.0000,0.00,98.39,98.39,1
Lang,GRAPHCUT-graphcodebert,cosine,Submodular-Emb,0.5136 ± 0.0000,0.00,102.74,102.74,1
Lang,GRAPHCUT-graphcodebert,euclidean,Submodular-Emb,0.5611 ± 0.0000,0.00,100.16,100.16,1
Lang,GRAPHCUT-codebert,cosine,Submodular-Emb,0.5239 ± 0.0000,0.00,133.78,133.78,1
Lang,GRAPHCUT-codebert,euclidean,Submodular-Emb,0.5798 ± 0.0000,0.00,92.88,92.88,1
Lang,GRAPHCUT-starencoder,cosine,Submodular-Emb,0.4789 ± 0.0000,0.00,205.58,205.58,1
Lang,GRAPHCUT-starencoder,euclidean,Submodular-Emb,0.5675 ± 0.0000,0.00,106.78,106.78,1
Lang,FAST-pw,N/A,FAST-Shingles,0.5052 ± 0.0414,1.85,1.55,3.40,50
Lang,FAST-all,N/A,FAST-Shingles,0.6214 ± 0.0282,1.86,0.03,1.89,50
Lang,FAST-sqrt,N/A,FAST-Shingles,0.5212 ± 0.0349,1.86,0.04,1.90,50
Lang,FAST-log,N/A,FAST-Shingles,0.5285 ± 0.0337,1.87,0.05,1.92,50
Lang,FAST-one,N/A,FAST-Shingles,0.5630 ± 0.0331,1.85,0.12,1.97,50
Math,FALCON-codexembed,cosine,Submodular-Emb,0.5703 ± 0.0000,113.70,4.67,118.38,1
Math,FALCON-codexembed,euclidean,Submodular-Emb,0.5361 ± 0.0000,0.00,4.64,4.64,1
Math,FALCON-unixcoder,cosine,Submodular-Emb,0.6224 ± 0.0000,27.14,5.19,32.34,1
Math,FALCON-unixcoder,euclidean,Submodular-Emb,0.5462 ± 0.0000,0.00,4.33,4.33,1
Math,FALCON-graphcodebert,cosine,Submodular-Emb,0.5661 ± 0.0000,30.20,5.43,35.63,1
Math,FALCON-graphcodebert,euclidean,Submodular-Emb,0.5129 ± 0.0000,0.00,4.89,4.89,1
Math,FALCON-codebert,cosine,Submodular-Emb,0.5306 ± 0.0000,30.21,5.51,35.73,1
Math,FALCON-codebert,euclidean,Submodular-Emb,0.5405 ± 0.0000,0.00,4.98,4.98,1
Math,FALCON-starencoder,cosine,Submodular-Emb,0.5992 ± 0.0000,42.96,5.28,48.23,1
Math,FALCON-starencoder,euclidean,Submodular-Emb,0.6284 ± 0.0000,0.00,4.87,4.87,1
Math,LOGDET-codexembed,cosine,Submodular-Emb,0.7023 ± 0.0000,0.00,123.75,123.75,1
Math,LOGDET-codexembed,euclidean,Submodular-Emb,0.6532 ± 0.0000,0.00,95.17,95.17,1
Math,LOGDET-unixcoder,cosine,Submodular-Emb,0.6495 ± 0.0000,0.00,104.77,104.77,1
Math,LOGDET-unixcoder,euclidean,Submodular-Emb,0.5862 ± 0.0000,0.00,135.84,135.84,1
Math,LOGDET-graphcodebert,cosine,Submodular-Emb,0.5859 ± 0.0000,0.00,80.99,80.99,1
Math,LOGDET-graphcodebert,euclidean,Submodular-Emb,0.5642 ± 0.0000,0.00,113.18,113.18,1
Math,LOGDET-codebert,cosine,Submodular-Emb,0.5518 ± 0.0000,0.00,74.27,74.27,1
Math,LOGDET-codebert,euclidean,Submodular-Emb,0.5341 ± 0.0000,0.00,113.33,113.33,1
Math,LOGDET-starencoder,cosine,Submodular-Emb,0.6095 ± 0.0000,0.00,83.29,83.29,1
Math,LOGDET-starencoder,euclidean,Submodular-Emb,0.6422 ± 0.0000,0.00,93.04,93.04,1
Math,GRAPHCUT-codexembed,cosine,Submodular-Emb,0.4186 ± 0.0000,0.00,198.86,198.86,1
Math,GRAPHCUT-codexembed,euclidean,Submodular-Emb,0.4063 ± 0.0000,0.00,353.39,353.39,1
Math,GRAPHCUT-unixcoder,cosine,Submodular-Emb,0.5474 ± 0.0000,0.00,112.55,112.55,1
Math,GRAPHCUT-unixcoder,euclidean,Submodular-Emb,0.4916 ± 0.0000,0.00,167.21,167.21,1
Math,GRAPHCUT-graphcodebert,cosine,Submodular-Emb,0.5318 ± 0.0000,0.00,164.16,164.16,1
Math,GRAPHCUT-graphcodebert,euclidean,Submodular-Emb,0.5466 ± 0.0000,0.00,150.56,150.56,1
Math,GRAPHCUT-codebert,cosine,Submodular-Emb,0.4593 ± 0.0000,0.00,226.93,226.93,1
Math,GRAPHCUT-codebert,euclidean,Submodular-Emb,0.4968 ± 0.0000,0.00,136.78,136.78,1
Math,GRAPHCUT-starencoder,cosine,Submodular-Emb,0.4789 ± 0.0000,0.00,343.36,343.36,1
Math,GRAPHCUT-starencoder,euclidean,Submodular-Emb,0.5274 ± 0.0000,0.00,157.61,157.61,1
Math,FAST-pw,N/A,FAST-Shingles,0.5589 ± 0.0294,3.61,2.95,6.56,50
Math,FAST-all,N/A,FAST-Shingles,0.5592 ± 0.0326,3.62,0.04,3.65,50
Math,FAST-sqrt,N/A,FAST-Shingles,0.5475 ± 0.0296,3.61,0.06,3.67,50
Math,FAST-log,N/A,FAST-Shingles,0.5482 ± 0.0412,3.61,0.07,3.68,50
Math,FAST-one,N/A,FAST-Shingles,0.5373 ± 0.0303,3.67,0.18,3.85,50
Time,FALCON-codexembed,cosine,Submodular-Emb,0.8188 ± 0.0000,74.92,8.43,83.35,1
Time,FALCON-codexembed,euclidean,Submodular-Emb,0.7951 ± 0.0000,0.00,8.09,8.09,1
Time,FALCON-unixcoder,cosine,Submodular-Emb,0.7944 ± 0.0000,24.83,8.61,33.44,1
Time,FALCON-unixcoder,euclidean,Submodular-Emb,0.7226 ± 0.0000,0.00,7.59,7.59,1
Time,FALCON-graphcodebert,cosine,Submodular-Emb,0.7155 ± 0.0000,32.46,9.04,41.50,1
Time,FALCON-graphcodebert,euclidean,Submodular-Emb,0.7091 ± 0.0000,0.00,8.23,8.23,1
Time,FALCON-codebert,cosine,Submodular-Emb,0.7171 ± 0.0000,32.55,9.05,41.60,1
Time,FALCON-codebert,euclidean,Submodular-Emb,0.6582 ± 0.0000,0.00,8.28,8.28,1
Time,FALCON-starencoder,cosine,Submodular-Emb,0.7675 ± 0.0000,31.59,8.81,40.40,1
Time,FALCON-starencoder,euclidean,Submodular-Emb,0.7367 ± 0.0000,0.00,8.31,8.31,1
Time,LOGDET-codexembed,cosine,Submodular-Emb,0.8314 ± 0.0000,0.00,173.87,173.87,1
Time,LOGDET-codexembed,euclidean,Submodular-Emb,0.8346 ± 0.0000,0.00,183.00,183.00,1
Time,LOGDET-unixcoder,cosine,Submodular-Emb,0.7940 ± 0.0000,0.00,151.37,151.37,1
Time,LOGDET-unixcoder,euclidean,Submodular-Emb,0.7288 ± 0.0000,0.00,266.67,266.67,1
Time,LOGDET-graphcodebert,cosine,Submodular-Emb,0.7290 ± 0.0000,0.00,121.00,121.00,1
Time,LOGDET-graphcodebert,euclidean,Submodular-Emb,0.6806 ± 0.0000,0.00,198.69,198.69,1
Time,LOGDET-codebert,cosine,Submodular-Emb,0.6706 ± 0.0000,0.00,111.04,111.04,1
Time,LOGDET-codebert,euclidean,Submodular-Emb,0.6809 ± 0.0000,0.00,199.38,199.38,1
Time,LOGDET-starencoder,cosine,Submodular-Emb,0.7509 ± 0.0000,0.00,117.08,117.08,1
Time,LOGDET-starencoder,euclidean,Submodular-Emb,0.7608 ± 0.0000,0.00,166.18,166.18,1
Time,GRAPHCUT-codexembed,cosine,Submodular-Emb,0.4043 ± 0.0000,0.00,292.71,292.71,1
Time,GRAPHCUT-codexembed,euclidean,Submodular-Emb,0.4264 ± 0.0000,0.00,566.30,566.30,1
Time,GRAPHCUT-unixcoder,cosine,Submodular-Emb,0.5421 ± 0.0000,0.00,174.88,174.88,1
Time,GRAPHCUT-unixcoder,euclidean,Submodular-Emb,0.5675 ± 0.0000,0.00,263.58,263.58,1
Time,GRAPHCUT-graphcodebert,cosine,Submodular-Emb,0.5709 ± 0.0000,0.00,265.65,265.65,1
Time,GRAPHCUT-graphcodebert,euclidean,Submodular-Emb,0.6306 ± 0.0000,0.00,242.64,242.64,1
Time,GRAPHCUT-codebert,cosine,Submodular-Emb,0.4770 ± 0.0000,0.00,348.58,348.58,1
Time,GRAPHCUT-codebert,euclidean,Submodular-Emb,0.5286 ± 0.0000,0.00,229.08,229.08,1
Time,GRAPHCUT-starencoder,cosine,Submodular-Emb,0.5582 ± 0.0000,0.00,610.63,610.63,1
Time,GRAPHCUT-starencoder,euclidean,Submodular-Emb,0.5354 ± 0.0000,0.00,262.64,262.64,1
Time,FAST-pw,N/A,FAST-Shingles,0.5927 ± 0.0230,3.24,5.05,8.30,50
Time,FAST-all,N/A,FAST-Shingles,0.6225 ± 0.0415,3.26,0.03,3.29,50
Time,FAST-sqrt,N/A,FAST-Shingles,0.6539 ± 0.0318,3.24,0.07,3.31,50
Time,FAST-log,N/A,FAST-Shingles,0.6309 ± 0.0301,3.26,0.08,3.34,50
Time,FAST-one,N/A,FAST-Shingles,0.6191 ± 0.0266,3.24,0.32,3.56,50
Mockito,FALCON-codexembed,cosine,Submodular-Emb,0.7058 ± 0.0000,21.50,1.75,23.25,1
Mockito,FALCON-codexembed,euclidean,Submodular-Emb,0.6804 ± 0.0000,0.00,1.79,1.79,1
Mockito,FALCON-unixcoder,cosine,Submodular-Emb,0.7362 ± 0.0000,10.64,1.89,12.53,1
Mockito,FALCON-unixcoder,euclidean,Submodular-Emb,0.7159 ± 0.0000,0.00,1.70,1.70,1
Mockito,FALCON-graphcodebert,cosine,Submodular-Emb,0.6724 ± 0.0000,13.60,2.01,15.61,1
Mockito,FALCON-graphcodebert,euclidean,Submodular-Emb,0.6903 ± 0.0000,0.00,1.87,1.87,1
Mockito,FALCON-codebert,cosine,Submodular-Emb,0.6719 ± 0.0000,13.62,2.06,15.68,1
Mockito,FALCON-codebert,euclidean,Submodular-Emb,0.6795 ± 0.0000,0.00,2.05,2.05,1
Mockito,FALCON-starencoder,cosine,Submodular-Emb,0.7040 ± 0.0000,10.53,1.89,12.42,1
Mockito,FALCON-starencoder,euclidean,Submodular-Emb,0.7080 ± 0.0000,0.00,1.81,1.81,1
Mockito,LOGDET-codexembed,cosine,Submodular-Emb,0.7675 ± 0.0000,0.00,38.84,38.84,1
Mockito,LOGDET-codexembed,euclidean,Submodular-Emb,0.7305 ± 0.0000,0.00,19.34,19.34,1
Mockito,LOGDET-unixcoder,cosine,Submodular-Emb,0.7268 ± 0.0000,0.00,35.33,35.33,1
Mockito,LOGDET-unixcoder,euclidean,Submodular-Emb,0.6806 ± 0.0000,0.00,27.80,27.80,1
Mockito,LOGDET-graphcodebert,cosine,Submodular-Emb,0.7035 ± 0.0000,0.00,29.57,29.57,1
Mockito,LOGDET-graphcodebert,euclidean,Submodular-Emb,0.7385 ± 0.0000,0.00,21.41,21.41,1
Mockito,LOGDET-codebert,cosine,Submodular-Emb,0.7138 ± 0.0000,0.00,27.38,27.38,1
Mockito,LOGDET-codebert,euclidean,Submodular-Emb,0.7442 ± 0.0000,0.00,21.93,21.93,1
Mockito,LOGDET-starencoder,cosine,Submodular-Emb,0.7005 ± 0.0000,0.00,29.55,29.55,1
Mockito,LOGDET-starencoder,euclidean,Submodular-Emb,0.6875 ± 0.0000,0.00,19.64,19.64,1
Mockito,GRAPHCUT-codexembed,cosine,Submodular-Emb,0.6793 ± 0.0000,0.00,53.62,53.62,1
Mockito,GRAPHCUT-codexembed,euclidean,Submodular-Emb,0.6878 ± 0.0000,0.00,97.44,97.44,1
Mockito,GRAPHCUT-unixcoder,cosine,Submodular-Emb,0.6198 ± 0.0000,0.00,29.01,29.01,1
Mockito,GRAPHCUT-unixcoder,euclidean,Submodular-Emb,0.6388 ± 0.0000,0.00,38.80,38.80,1
Mockito,GRAPHCUT-graphcodebert,cosine,Submodular-Emb,0.5654 ± 0.0000,0.00,45.84,45.84,1
Mockito,GRAPHCUT-graphcodebert,euclidean,Submodular-Emb,0.5413 ± 0.0000,0.00,38.94,38.94,1
Mockito,GRAPHCUT-codebert,cosine,Submodular-Emb,0.5411 ± 0.0000,0.00,59.23,59.23,1
Mockito,GRAPHCUT-codebert,euclidean,Submodular-Emb,0.5259 ± 0.0000,0.00,34.61,34.61,1
Mockito,GRAPHCUT-starencoder,cosine,Submodular-Emb,0.5655 ± 0.0000,0.00,96.89,96.89,1
Mockito,GRAPHCUT-starencoder,euclidean,Submodular-Emb,0.5243 ± 0.0000,0.00,44.27,44.27,1
Mockito,FAST-pw,N/A,FAST-Shingles,0.6569 ± 0.0348,1.01,0.49,1.51,50
Mockito,FAST-all,N/A,FAST-Shingles,0.6579 ± 0.0293,1.01,0.01,1.02,50
Mockito,FAST-sqrt,N/A,FAST-Shingles,0.6570 ± 0.0329,1.01,0.02,1.04,50
Mockito,FAST-log,N/A,FAST-Shingles,0.6637 ± 0.0326,1.01,0.03,1.03,50
Mockito,FAST-one,N/A,FAST-Shingles,0.6544 ± 0.0318,1.03,0.06,1.08,50
Closure,FALCON-codexembed,cosine,Submodular-Emb,0.6954 ± 0.0000,135.45,31.77,167.22,1
Closure,FALCON-codexembed,euclidean,Submodular-Emb,0.6621 ± 0.0000,0.00,30.67,30.67,1
Closure,FALCON-unixcoder,cosine,Submodular-Emb,0.7002 ± 0.0000,37.63,33.67,71.30,1
Closure,FALCON-unixcoder,euclidean,Submodular-Emb,0.6584 ± 0.0000,0.00,29.06,29.06,1
Closure,FALCON-graphcodebert,cosine,Submodular-Emb,0.6709 ± 0.0000,48.27,35.16,83.43,1
Closure,FALCON-graphcodebert,euclidean,Submodular-Emb,0.6601 ± 0.0000,0.00,32.47,32.47,1
Closure,FALCON-codebert,cosine,Submodular-Emb,0.7133 ± 0.0000,48.34,37.31,85.65,1
Closure,FALCON-codebert,euclidean,Submodular-Emb,0.6810 ± 0.0000,0.00,34.11,34.11,1
Closure,FALCON-starencoder,cosine,Submodular-Emb,0.6855 ± 0.0000,46.73,35.19,81.92,1
Closure,FALCON-starencoder,euclidean,Submodular-Emb,0.6536 ± 0.0000,0.00,32.60,32.60,1
Closure,LOGDET-codexembed,cosine,Submodular-Emb,0.6981 ± 0.0000,0.00,529.64,529.64,1
Closure,LOGDET-codexembed,euclidean,Submodular-Emb,0.7507 ± 0.0000,0.00,1147.96,1147.96,1
Closure,LOGDET-unixcoder,cosine,Submodular-Emb,0.6780 ± 0.0000,0.00,454.37,454.37,1
Closure,LOGDET-unixcoder,euclidean,Submodular-Emb,0.7346 ± 0.0000,0.00,1235.13,1235.13,1
Closure,LOGDET-graphcodebert,cosine,Submodular-Emb,0.6850 ± 0.0000,0.00,363.25,363.25,1
Closure,LOGDET-graphcodebert,euclidean,Submodular-Emb,0.6783 ± 0.0000,0.00,1188.85,1188.85,1
Closure,LOGDET-codebert,cosine,Submodular-Emb,0.6834 ± 0.0000,0.00,343.96,343.96,1
Closure,LOGDET-codebert,euclidean,Submodular-Emb,0.7027 ± 0.0000,0.00,1186.54,1186.54,1
Closure,LOGDET-starencoder,cosine,Submodular-Emb,0.6786 ± 0.0000,0.00,361.70,361.70,1
Closure,LOGDET-starencoder,euclidean,Submodular-Emb,0.6954 ± 0.0000,0.00,1077.76,1077.76,1
Closure,GRAPHCUT-codexembed,cosine,Submodular-Emb,0.6012 ± 0.0000,0.00,930.48,930.48,1
Closure,GRAPHCUT-codexembed,euclidean,Submodular-Emb,0.5976 ± 0.0000,0.00,2134.84,2134.84,1
Closure,GRAPHCUT-unixcoder,cosine,Submodular-Emb,0.5826 ± 0.0000,0.00,442.33,442.33,1
Closure,GRAPHCUT-unixcoder,euclidean,Submodular-Emb,0.5662 ± 0.0000,0.00,647.99,647.99,1
Closure,GRAPHCUT-graphcodebert,cosine,Submodular-Emb,0.5257 ± 0.0000,0.00,718.63,718.63,1
Closure,GRAPHCUT-graphcodebert,euclidean,Submodular-Emb,0.5898 ± 0.0000,0.00,692.23,692.23,1
Closure,GRAPHCUT-codebert,cosine,Submodular-Emb,0.5360 ± 0.0000,0.00,1151.80,1151.80,1
Closure,GRAPHCUT-codebert,euclidean,Submodular-Emb,0.5789 ± 0.0000,0.00,642.38,642.38,1
Closure,GRAPHCUT-starencoder,cosine,Submodular-Emb,0.5610 ± 0.0000,0.00,1769.91,1769.91,1
Closure,GRAPHCUT-starencoder,euclidean,Submodular-Emb,0.5549 ± 0.0000,0.00,688.36,688.36,1
Closure,FAST-pw,N/A,FAST-Shingles,0.6196 ± 0.0179,6.05,21.11,27.16,50
Closure,FAST-all,N/A,FAST-Shingles,0.6238 ± 0.0149,6.03,0.05,6.08,50
Closure,FAST-sqrt,N/A,FAST-Shingles,0.6210 ± 0.0147,6.02,0.12,6.14,50
Closure,FAST-log,N/A,FAST-Shingles,0.6257 ± 0.0129,6.07,0.19,6.25,50
Closure,FAST-one,N/A,FAST-Shingles,0.6218 ± 0.0119,6.04,1.13,7.18,50
